chunker,embedder,vector_db,num_chunks,sbi_pct,mscr_pct,esi_pct,esi_n,evidence_hit_rate,retrieved_esi_rate,index_time_s,avg_query_time_s,n_questions,context_precision,context_recall,faithfulness,answer_relevancy,qa_metric_source
fixed,minilm,faiss,91,16.48,83.52,100.0,40,0.625,0.625,0.37,0.009,40,1.0,0.8913,0.944,0.3225,local_overlap
fixed,minilm,chroma,91,16.48,83.52,100.0,40,0.625,0.625,0.43,0.0077,40,1.0,0.8913,0.944,0.3225,local_overlap
fixed,bge,faiss,91,16.48,83.52,100.0,40,0.825,0.825,5.54,0.0107,40,1.0,0.9538,0.9514,0.302,local_overlap
fixed,bge,chroma,91,16.48,83.52,100.0,40,0.825,0.825,1.15,0.0177,40,1.0,0.9538,0.9514,0.302,local_overlap
fixed,e5,faiss,91,16.48,83.52,100.0,40,0.85,0.85,5.76,0.0108,40,1.0,0.9736,0.9483,0.2825,local_overlap
fixed,e5,chroma,91,16.48,83.52,100.0,40,0.85,0.85,1.05,0.0122,40,1.0,0.9736,0.9483,0.2825,local_overlap
recursive,minilm,faiss,267,13.48,86.52,100.0,40,0.775,0.775,0.55,0.0065,40,1.0,0.9083,0.9535,0.4025,local_overlap
recursive,minilm,chroma,267,13.48,86.52,100.0,40,0.775,0.775,0.83,0.008,40,1.0,0.9083,0.9535,0.4025,local_overlap
recursive,bge,faiss,267,13.48,86.52,100.0,40,0.8,0.8,1.1,0.0149,40,0.9833,0.9241,0.9585,0.4097,local_overlap
recursive,bge,chroma,267,13.48,86.52,100.0,40,0.8,0.8,1.35,0.0123,40,0.9833,0.9241,0.9585,0.4097,local_overlap
recursive,e5,faiss,267,13.48,86.52,100.0,40,0.775,0.775,0.97,0.0108,40,1.0,0.9157,0.958,0.4058,local_overlap
recursive,e5,chroma,267,13.48,86.52,100.0,40,0.775,0.775,1.3,0.0127,40,1.0,0.9157,0.958,0.4058,local_overlap
semantic,minilm,faiss,171,100.0,0.0,100.0,40,0.6,0.6,0.35,0.0066,40,0.9917,0.8668,0.9606,0.4459,local_overlap
semantic,minilm,chroma,171,100.0,0.0,100.0,40,0.6,0.6,0.56,0.0084,40,0.9917,0.8668,0.9606,0.4459,local_overlap
semantic,bge,faiss,171,100.0,0.0,100.0,40,0.675,0.675,0.86,0.0111,40,0.9917,0.8897,0.9664,0.4095,local_overlap
semantic,bge,chroma,171,100.0,0.0,100.0,40,0.675,0.675,1.05,0.0122,40,0.9917,0.8897,0.9664,0.4095,local_overlap
semantic,e5,faiss,171,100.0,0.0,100.0,40,0.775,0.775,0.97,0.0157,40,1.0,0.9245,0.9647,0.4169,local_overlap
semantic,e5,chroma,171,100.0,0.0,100.0,40,0.775,0.775,1.24,0.0133,40,1.0,0.9245,0.9647,0.4169,local_overlap
